id	conversation_id	created_at	date	time	timezone	user_id	username	name	place	tweet	language	mentions	urls	photos	replies_count	retweets_count	likes_count	hashtags	cashtags	link	retweet	quote_url	video	thumbnail	near	geo	source	user_rt_id	user_rt	retweet_id	reply_to	retweet_date	translate	trans_src	trans_dest
1434983436842905606	1434977267994796034	2021-09-06 15:54:46 Hora est. Pac√≠fico, Sudam√©rica	2021-09-06	15:54:46	-0500	876838500536070147	thegaragedragon	Daniel Montoya		"@Margaritarosadf @AnaBejaranoRG @losdanieles Se√±ora, para usted no es cambio si no tiene apellido Petro.  ""Cambio"" por s√≠ solo no significa nada. Se puede tambi√©n cambiar para mal."	es	[]	[]	[]	0	0	1	[]	[]	https://twitter.com/TheGarageDragon/status/1434983436842905606	False		0			6.217,-75.567,100km					[{'screen_name': 'Margaritarosadf', 'name': 'Margarita Rosa', 'id': '41396492'}, {'screen_name': 'AnaBejaranoRG', 'name': 'Ana BejaranoRicaurte', 'id': '149702418'}, {'screen_name': 'losdanieles', 'name': 'Los Danieles', 'id': '1248769183598419968'}]				
1434933088505712641	1434933088505712641	2021-09-06 12:34:42 Hora est. Pac√≠fico, Sudam√©rica	2021-09-06	12:34:42	-0500	94231992	tomyko79	Tom√°s Fern√°ndez Cadavid		El problema es cuando llega petro y dice que todo lo que est√° mal en Colombia es por culpa de las empresas.  Entonces como es?	es	[]	[]	[]	0	1	3	[]	[]	https://twitter.com/tomyko79/status/1434933088505712641	False	https://twitter.com/Juanaafanador1/status/1434864935310405634	0			6.217,-75.567,100km					[]				
1434879144970657792	1434500366079610885	2021-09-06 09:00:21 Hora est. Pac√≠fico, Sudam√©rica	2021-09-06	09:00:21	-0500	1353052422290223105	merce42692255	merce		@RevistaSemana @MAndreaNieto Pero le sali√≥ todo mal, ella avergonzoa Pe√±alosa y Uribe y a muchos, Dios la midi√≥ como ella mud√©, en verg√ºenza y derrotada, pero los Bogotanos han elegido muy mal lucho , Petro y ahora Claudia han dejado a un Bogot√° mal en todo, es que el polo , la Colombia huma y alian verde	es	[]	[]	[]	0	0	0	[]	[]	https://twitter.com/merce42692255/status/1434879144970657792	False		0			6.217,-75.567,100km					[{'screen_name': 'RevistaSemana', 'name': 'Revista Semana', 'id': '18079284'}, {'screen_name': 'MAndreaNieto', 'name': 'ANDREA NIETO', 'id': '999594384'}]				
1434830065263591432	1434830065263591432	2021-09-06 05:45:20 Hora est. Pac√≠fico, Sudam√©rica	2021-09-06	05:45:20	-0500	1099992698	divertenor	diver higuita		Ese cuento(mal echao) sobre Petro: ‚Äúque √©ste a√∫n no es su momento‚Äù( y as√≠ tuvimos a Uribe, Santos y Duque), nos llevar√° a elegir candidatos light y neoliberales, es decir, el  que prometa ‚Äúel cambio para que todo siga igual‚Äù.	es	[]	[]	[]	0	0	0	[]	[]	https://twitter.com/divertenor/status/1434830065263591432	False		0			6.217,-75.567,100km					[]				
1434685957048000514	1434307022367993856	2021-09-05 20:12:41 Hora est. Pac√≠fico, Sudam√©rica	2021-09-05	20:12:41	-0500	1034192325071790081	rodrigo93632530	Rodrigo Cortes		@yacksamue223 Petro Es un mal parido con cargaderas hamp√≥n.	es	[]	[]	[]	0	0	1	[]	[]	https://twitter.com/Rodrigo93632530/status/1434685957048000514	False		0			6.217,-75.567,100km					[{'screen_name': 'yacksamue223', 'name': 'yacksamue223', 'id': '1181750626277044224'}]				
1434677593542901760	1434677593542901760	2021-09-05 19:39:27 Hora est. Pac√≠fico, Sudam√©rica	2021-09-05	19:39:27	-0500	172827443	hiavzc	Ana Isabel Correa		@agaviriau cordial saludo dr Gaviria,con todo respeto quiero hacer menci√≥n  sobre los fanaticos. El significado de esta palabra alude al mal para conservar el poder,ej Stalin,Hitler,Castro,el venezolano que se me olvida y la copia terrible que dej√≥. Si estaba pensando en Petro	es	[]	[]	[]	0	0	0	[]	[]	https://twitter.com/hiavzc/status/1434677593542901760	False		0			6.217,-75.567,100km					[]				
1434601611184283651	1434549316111245314	2021-09-05 14:37:32 Hora est. Pac√≠fico, Sudam√©rica	2021-09-05	14:37:32	-0500	729227876	linamonsalve18	Lina Monsalve		@MarcelesMontxo @petrogustavo @AgustinLaje @Santi_ABASCAL Usted es nivel hasta un mosquito que pase en frente de un mugroso socialista es facistaüòÇ. Menos mal que Petro ha tenido muy buenas compa√±√≠as en el ELN, en sus amigos de las FARC, en el que llev√≥ a la ruina a Venezuela y hasta en personajes como BOBOlivar.	es	[]	[]	[]	1	0	4	[]	[]	https://twitter.com/LinaMonsalve18/status/1434601611184283651	False		0			6.217,-75.567,100km					[{'screen_name': 'MarcelesMontxo', 'name': 'Montxo Marceles', 'id': '1194619053190631425'}, {'screen_name': 'petrogustavo', 'name': 'Gustavo Petro', 'id': '49849732'}, {'screen_name': 'AgustinLaje', 'name': 'Agust√≠n Laje', 'id': '175273213'}, {'screen_name': 'Santi_ABASCAL', 'name': 'Santiago Abascal üá™üá∏', 'id': '260788584'}]				
1434589093304934403	1434589093304934403	2021-09-05 13:47:47 Hora est. Pac√≠fico, Sudam√©rica	2021-09-05	13:47:47	-0500	483200237	jdua67	Juan David Urrea A		Julito no la deja q hable mal de sus camaradas de las Farc. Esta ü§° le pagan para hablar mal del Uribismo, por q no le he o√≠do un mal comentario contra las Farc, Petro, Bolivar, Rata Roy etc ü§îüëéüèº	es	[]	[]	[]	0	1	0	[]	[]	https://twitter.com/jdua67/status/1434589093304934403	False	https://twitter.com/jbagbam/status/1434298670791512064	0			6.217,-75.567,100km					[]				
1434205070019661827	1434202654616522762	2021-09-04 12:21:49 Hora est. Pac√≠fico, Sudam√©rica	2021-09-04	12:21:49	-0500	342110812	aamgallo	Alvaro		@FisicoImpuro La realidad es que Petro puede ganar, pero sin Congreso no hay nada; ya se vio como literalmente volvieron mierda a Bogot√° con lo de las basuras con tal de hacerlo quedar mal y, as√≠ volver√° a pasar durante 4 a√±os con tal de que √©l se enfoque en otras cosas para no dejar gobernar.	es	[]	[]	[]	0	0	1	[]	[]	https://twitter.com/aamgallo/status/1434205070019661827	False		0			6.217,-75.567,100km					[{'screen_name': 'FisicoImpuro', 'name': 'F√≠sico Impuro', 'id': '252402164'}]				
1434182232332292099	1434182232332292099	2021-09-04 10:51:04 Hora est. Pac√≠fico, Sudam√©rica	2021-09-04	10:51:04	-0500	192287652	donsilviecin	Silvio Bola√±o		Pienso en la √©tica y la raz√≥n de quienes por defender a Quintero deben aplaudir su visaje, mal gobierno y superficialidad. Reverencian su populismo, creen que es el de Petro. No quieren ver el chantaje: lo votaron por antiuribista, eso les basta para defender lo absurdo.	es	[]	[]	[]	2	12	21	[]	[]	https://twitter.com/donsilviecin/status/1434182232332292099	False		0			6.217,-75.567,100km					[]				
1434003658719571973	1434003658719571973	2021-09-03 23:01:29 Hora est. Pac√≠fico, Sudam√©rica	2021-09-03	23:01:29	-0500	1323832152002334725	nikosandoval9	Nicol√°s Sandoval		No sab√≠a que hab√≠a mujeres con tal mal gusto, dizque les gusta Petro.. ¬°H√°game el hp favor!ü§¢ü§Æ	es	[]	[]	[]	0	0	1	[]	[]	https://twitter.com/NikoSandoval9/status/1434003658719571973	False		0			6.217,-75.567,100km					[]				
1433833772911312896	1433833772911312896	2021-09-03 11:46:25 Hora est. Pac√≠fico, Sudam√©rica	2021-09-03	11:46:25	-0500	2997905278	jeysonhenao	Jeyson Henao		Se√±ores @BluRadioCo estamos en campa√±a para desmentir y con argumentos hacer ver por que las propuestas de Petro son mal para el pa√≠s  @juanrallo es clave para esto.  Como pueden desperdiciar el espacio y oportunidad con preguntas tan vac√≠as como las que hicieron las periodistas.	es	[{'screen_name': 'bluradioco', 'name': 'bluradio colombia', 'id': '622082899'}, {'screen_name': 'juanrallo', 'name': 'juan ram√≥n rallo', 'id': '112796335'}]	[]	[]	0	0	0	[]	[]	https://twitter.com/JeysonHenao/status/1433833772911312896	False		0			6.217,-75.567,100km					[]				
1433821858546204673	1433398334698528773	2021-09-03 10:59:04 Hora est. Pac√≠fico, Sudam√©rica	2021-09-03	10:59:04	-0500	149917962	calicheceviche9	Carlos Osorio		@Margaritarosadf Hay gente que quiere un cambio pero pa mal y va a votar por Petro	es	[]	[]	[]	0	0	0	[]	[]	https://twitter.com/calicheceviche9/status/1433821858546204673	False		0			6.217,-75.567,100km					[{'screen_name': 'Margaritarosadf', 'name': 'Margarita Rosa', 'id': '41396492'}]				
1433785777570340867	1433481887339761664	2021-09-03 08:35:42 Hora est. Pac√≠fico, Sudam√©rica	2021-09-03	08:35:42	-0500	1075111574	jjtoroc	Juli√°n Toro		@OrquidCattleya De verdad eso es lo que est√° mal? Solo porque no les gusta como habla? El hambre, la miseria, la violencia no valen nada, solo el ego de Petro	es	[]	[]	[]	2	0	0	[]	[]	https://twitter.com/jjtoroc/status/1433785777570340867	False		0			6.217,-75.567,100km					[{'screen_name': 'OrquidCattleya', 'name': 'Orchid', 'id': '1967945462'}]				
1433622831460462602	1433622831460462602	2021-09-02 21:48:13 Hora est. Pac√≠fico, Sudam√©rica	2021-09-02	21:48:13	-0500	301013190	miguelvallejo2	VALLMAN		@QuinteroCalle mire su entrevista en la w y no estuvo mal. Quiero recordarle que usted puede ser de izquierda socialista si se quiere, pero nunca se le olvide que petro tiene formaci√≥n comunista totalitaria con graduaci√≥n en el monte todos sus juguetes se perder√°n, si el gana	es	[]	[]	[]	0	0	0	[]	[]	https://twitter.com/Miguelvallejo2/status/1433622831460462602	False		0			6.217,-75.567,100km					[]				
1433563730772647939	1433468298730086412	2021-09-02 17:53:22 Hora est. Pac√≠fico, Sudam√©rica	2021-09-02	17:53:22	-0500	1978989511	edgarra12965795	Paisadeldim		@primaverasimple Creo que el t√©rmino todos est√° mal utilizado. Pudo haber utilizado la gran mayor√≠a. Porque afortunadamente no escucho ni escuchar√©  https://t.co/MSWSYS81j7 es de mi agrado al igual que el se√±or Gustavo Petro. Por lo tanto no son todos	es	[]	['http://Arjona.no']	[]	0	0	0	[]	[]	https://twitter.com/EdgarRa12965795/status/1433563730772647939	False		0			6.217,-75.567,100km					[{'screen_name': 'primaverasimple', 'name': 'Gin de abril', 'id': '579953883'}]				
1433458144869498887	1433409250429128705	2021-09-02 10:53:48 Hora est. Pac√≠fico, Sudam√©rica	2021-09-02	10:53:48	-0500	722131977592258564	santimdev	Santiago Morales		@GustavoBolivar @ManosLimpiasCo y los que hablan mal de petro como propuesta para ganar la presidencia	es	[]	[]	[]	0	0	0	[]	[]	https://twitter.com/santimdev/status/1433458144869498887	False		0			6.217,-75.567,100km					[{'screen_name': 'GustavoBolivar', 'name': 'Gustavo Bol√≠var', 'id': '50981729'}, {'screen_name': 'ManosLimpiasCo', 'name': 'Indignados Colombia üá®üá¥', 'id': '326918491'}]				
1433439247076372493	1433428354347114497	2021-09-02 09:38:43 Hora est. Pac√≠fico, Sudam√©rica	2021-09-02	09:38:43	-0500	90878874	wiltonortiz	Will O. Henao		@Betocoralg Porque? Petro es un tipo resentido y eso es malo. Es un mal l√≠der.	es	[]	[]	[]	0	0	0	[]	[]	https://twitter.com/wiltonortiz/status/1433439247076372493	False		0			6.217,-75.567,100km					[{'screen_name': 'Betocoralg', 'name': 'Beto Coral', 'id': '206402786'}]				
1433436718250790916	1433248594929373184	2021-09-02 09:28:40 Hora est. Pac√≠fico, Sudam√©rica	2021-09-02	09:28:40	-0500	868551974349942785	una_arboleda	Sara Arboleda		@MarmotaClub Jajajaja te vio hablando mal de petro	es	[]	[]	[]	1	0	1	[]	[]	https://twitter.com/una_arboleda/status/1433436718250790916	False		0			6.217,-75.567,100km					[{'screen_name': 'MarmotaClub', 'name': 'ùï∑ùñÜ ùï∏ùñÜùñóùñíùñîùñôùñÜ ùñâùñä ùï≠ùñîùñíùñÜùñóùñüùñîüêª‚ôìÔ∏èüßô\u200d‚ôÇÔ∏èüë∫', 'id': '926522476951195648'}]				
1433212585835380736	1433212585835380736	2021-09-01 18:38:02 Hora est. Pac√≠fico, Sudam√©rica	2021-09-01	18:38:02	-0500	175448120	fdovisual	fco		Menos mal que representa todo lo contrario a Petro y no vino a generar odios se√±or exalcalde de Medell√≠n Hidrot√∫angologo, Se√±alando al mejor alcalde del Pa√≠s instrumentalizando los silleteros dele Pena	es	[]	[]	[]	0	1	0	[]	[]	https://twitter.com/fdovisual/status/1433212585835380736	False	https://twitter.com/FicoGutierrez/status/1429784443858866177	0			6.217,-75.567,100km					[]				
1433199654624235521	1433085884002455555	2021-09-01 17:46:39 Hora est. Pac√≠fico, Sudam√©rica	2021-09-01	17:46:39	-0500	943152908861956097	alexvil06303238	Alex villa		@YessidAlvarez El mismo que tiene como bandera de su campa√±a hablar mal de petro cada que puede para ganar adeptos ? A ese se√±or el cerebro no le da para m√°s .por eso debemos hacer pedagog√≠a con amigos ,familiares y conocidos para que no le coman cuento a ese tramador .	es	[]	[]	[]	0	0	0	[]	[]	https://twitter.com/Alexvil06303238/status/1433199654624235521	False		0			6.217,-75.567,100km					[{'screen_name': 'YessidAlvarez', 'name': 'Yesid Alvarez Maya', 'id': '206521070'}]				
1433184489694453762	1433147111403663368	2021-09-01 16:46:24 Hora est. Pac√≠fico, Sudam√©rica	2021-09-01	16:46:24	-0500	814187958316236801	javierv87725239	Pacho		@BluRadioCo Esa vieja Loca es mal√≠sima todo lo malo que pasa es culpa de los otros y nada es de ella y mire como esta Bogota mas mal que con Petro y eso si es la mata	es	[]	[]	[]	0	0	0	[]	[]	https://twitter.com/JavierV87725239/status/1433184489694453762	False		0			6.217,-75.567,100km					[{'screen_name': 'BluRadioCo', 'name': 'BluRadio Colombia', 'id': '622082899'}]				
1433178612937658375	1433132188971720712	2021-09-01 16:23:03 Hora est. Pac√≠fico, Sudam√©rica	2021-09-01	16:23:03	-0500	759916282930094080	davidbautistaqf	David Bautista		@alemarchetti91 Uy pagan por hablar mal de Petro? Me har√© un Patreon jajaajja	es	[]	[]	[]	0	0	3	[]	[]	https://twitter.com/davidbautistaqf/status/1433178612937658375	False		0			6.217,-75.567,100km					[{'screen_name': 'alemarchetti91', 'name': 'Alessandro Marchettiüè≥Ô∏è\u200düåàüè≥Ô∏è\u200düåà', 'id': '740774468646277121'}]				
1433165502952640516	1432938897479278595	2021-09-01 15:30:57 Hora est. Pac√≠fico, Sudam√©rica	2021-09-01	15:30:57	-0500	64624407	juandaesco	Juan David Escobar S		@andresgarcia123 @agaviriau Andr√©s, ley√≥ el art√≠culo?  ‚ÄúC√≥mo har√° Petro para decir que el hombre al que √©l mismo quiso tener como alcalde de Bogot√° y como aliado del Pacto Hist√≥rico ahora es un mal candidato? ¬øLes dir√° a sus seguidores que busc√≥ impulsar a la Alcald√≠a a un neoliberal uribista?‚Äù	es	[]	[]	[]	0	0	0	[]	[]	https://twitter.com/juandaesco/status/1433165502952640516	False		0			6.217,-75.567,100km					[{'screen_name': 'andresgarcia123', 'name': 'Andr√©s Garc√≠a', 'id': '65897909'}, {'screen_name': 'agaviriau', 'name': 'Alejandro Gaviria', 'id': '175806207'}]				
1433136076852449280	1433121000451940352	2021-09-01 13:34:01 Hora est. Pac√≠fico, Sudam√©rica	2021-09-01	13:34:01	-0500	943152908861956097	alexvil06303238	Alex villa		@KevinChaverraB @FicoGutierrez Ir a hablar mal de petro como hace en todas partes y cada que puede ,es lo √∫nico que sabe hacer este payaso corrupto	es	[]	[]	[]	1	0	5	[]	[]	https://twitter.com/Alexvil06303238/status/1433136076852449280	False		0			6.217,-75.567,100km					[{'screen_name': 'KevinChaverraB', 'name': 'Kevin Chaverra Bechara', 'id': '239995286'}, {'screen_name': 'FicoGutierrez', 'name': 'Federico Guti√©rrez', 'id': '43395943'}]				
1433131661437321224	1433131661437321224	2021-09-01 13:16:29 Hora est. Pac√≠fico, Sudam√©rica	2021-09-01	13:16:29	-0500	63905597	unamalpanida	Magnolia R.		"Me dice un compa√±ero del trabajo, que si queda ""el amigo"" (Petro) de presidente, el d√≥lar llega a 5mil.   Tendr√© que evitar almuerzos laborales hasta el 2023."	es	[]	[]	[]	1	0	1	[]	[]	https://twitter.com/UnaMalPanida/status/1433131661437321224	False		0			6.217,-75.567,100km					[]				
1433125051281383439	1433125051281383439	2021-09-01 12:50:13 Hora est. Pac√≠fico, Sudam√©rica	2021-09-01	12:50:13	-0500	371233512	charlydoval	Rinhorizonte		Que @DiegoASantos hable mal de Petro, habla muy bien de Petro.	es	[{'screen_name': 'diegoasantos', 'name': 'diego a. santos', 'id': '26946244'}]	[]	[]	0	0	1	[]	[]	https://twitter.com/CharlyDoval/status/1433125051281383439	False		0			6.217,-75.567,100km					[]				
1433090216873635841	1433069857344532482	2021-09-01 10:31:47 Hora est. Pac√≠fico, Sudam√©rica	2021-09-01	10:31:47	-0500	943152908861956097	alexvil06303238	Alex villa		@FicoGutierrez Usted lo que es es un payaso oportunista que lo √∫nico que sabe hacer es hablar mal de petro porque el cerebro no le da para m√°s ,en Medell√≠n lo √∫nico que hizo fue gastarse millonadas en a√∫to publicidad y hasta hacer alianzas con la oficina de envigado casi nadie te come cuento  https://t.co/7dzQUDS9te	es	[]	[]	['https://pbs.twimg.com/media/E-Nb9QDX0AAsiBb.jpg']	0	0	0	[]	[]	https://twitter.com/Alexvil06303238/status/1433090216873635841	False		1	https://pbs.twimg.com/media/E-Nb9QDX0AAsiBb.jpg		6.217,-75.567,100km					[{'screen_name': 'FicoGutierrez', 'name': 'Federico Guti√©rrez', 'id': '43395943'}]				
1433070915668037638	1433070915668037638	2021-09-01 09:15:06 Hora est. Pac√≠fico, Sudam√©rica	2021-09-01	09:15:06	-0500	2578649409	angelayyesid	Angela&YesidOficial		Un Yupi,asesino e 302 ni√±os,que usa Ferragamo,hace turismo por las Europas, y desde all√≠ con su iPhone manda da√±ar todo lo que se le atraviese;y hablando mal de la clase media alta,de que se ufana obteniendo bienes fraudulentamente? Gustavo Petro se enterr√≥ su propio üó°Ô∏è con esto!	es	[]	[]	[]	0	0	0	[]	[]	https://twitter.com/AngelayYesid/status/1433070915668037638	False	https://twitter.com/VickyDavilaH/status/1433061568678408195	0			6.217,-75.567,100km					[]				
1433055256422793226	1433055256422793226	2021-09-01 08:12:52 Hora est. Pac√≠fico, Sudam√©rica	2021-09-01	08:12:52	-0500	141056921	jorgemejiarojas	Jorge Mej√≠a Rojas		‚Äú¬øC√≥mo har√° Petro para decir que el hombre al que √©l mismo quiso tener como alcalde de Bogot√° y como aliado del Pacto Hist√≥rico ahora es un mal candidato? ¬øLes dir√° a sus seguidores que busc√≥ impulsar a la Alcald√≠a a un neoliberal uribista?‚Äù   https://t.co/MNfwcqIZXP	es	[]	['https://www.elespectador.com/opinion/columnistas/federico-gomez-lara/gaviria-es-imbatible/']	[]	0	0	0	[]	[]	https://twitter.com/JorgeMejiaRojas/status/1433055256422793226	False		0			6.217,-75.567,100km					[]				
1432877673337040897	1432876565411545088	2021-08-31 20:27:13 Hora est. Pac√≠fico, Sudam√©rica	2021-08-31	20:27:13	-0500	2883509410	ffrey42	Federico		@JuanJGarcia99 Hombre, uno le puede decir muchas cosas a Petro pero no que no estuvo involucrado en la historia de Colombia. Y as√≠ no fuera economista e involucrado en pol√≠tica (para mal) desde el 70, sabr√≠a m√°s que un espa√±ol que seguro vino a estudiar a Colombia pal video	es	[]	[]	[]	2	0	0	[]	[]	https://twitter.com/ffrey42/status/1432877673337040897	False		0			6.217,-75.567,100km					[{'screen_name': 'JuanJGarcia99', 'name': 'ùêâùêÆùêÄùêßùêúùêöùê©', 'id': '636798615'}]				
1432873704749473800	1432748811714236417	2021-08-31 20:11:27 Hora est. Pac√≠fico, Sudam√©rica	2021-08-31	20:11:27	-0500	1274880123007795202	ruth73689865	RUTH		@leijhorena @GustavoBolivar Johana Rend√≥n est√°s mal renal al lado de bolivar que es un acaba pa√≠s igual que su amigo petro	es	[]	[]	[]	0	0	0	[]	[]	https://twitter.com/RUTH73689865/status/1432873704749473800	False		0			6.217,-75.567,100km					[{'screen_name': 'leijhorena', 'name': 'Jhoana Rend√≥n', 'id': '136114497'}, {'screen_name': 'GustavoBolivar', 'name': 'Gustavo Bol√≠var', 'id': '50981729'}]				
1432858630911627270	1432858630911627270	2021-08-31 19:11:33 Hora est. Pac√≠fico, Sudam√©rica	2021-08-31	19:11:33	-0500	543626512	quevisajelalaif	Carlos DIM En Paro y Junto al Pueblo ‚úäüèø‚ù§Ô∏èüíô		Federico Guti√©rrez haciendo campa√±a hablando mal de Gustavo Petro, diciendo que no es un mes√≠as pero que es la mejor opci√≥n, ¬°LA MEJOR OPCI√ìN FEDERICO GUTI√âRREZ! ü§£ El chiste se cuenta s√≥lo. #RCN es lo peor en noticias, le digo sinceramente pues üôÑ	es	[]	[]	[]	1	0	0	['rcn']	[]	https://twitter.com/quevisajelalaif/status/1432858630911627270	False		0			6.217,-75.567,100km					[]				
1432841193965113345	1432841193965113345	2021-08-31 18:02:16 Hora est. Pac√≠fico, Sudam√©rica	2021-08-31	18:02:16	-0500	573804374	corredorger10	Gerardo Corredor		En realidad ning√∫n pol√≠tico encarna el cambio. En Bogot√° con la Alcald√≠a de Petro qued√≥ claro que una golondrina no hace verano.   Toca conformarse con el mal menor.	es	[]	[]	[]	0	0	0	[]	[]	https://twitter.com/CorredorGer10/status/1432841193965113345	False	https://twitter.com/tobonsanin/status/1432796798368813058	0			6.217,-75.567,100km					[]				
1432802798668816389	1432737729494888450	2021-08-31 15:29:42 Hora est. Pac√≠fico, Sudam√©rica	2021-08-31	15:29:42	-0500	943152908861956097	alexvil06303238	Alex villa		@lomodeatun @FicoGutierrez Cu√°les ideas ? Ese se√±or lo √∫nico que sabe hacer es hablar m√°l de petro .el cerebro no le da para m√°s	es	[]	[]	[]	2	0	0	[]	[]	https://twitter.com/Alexvil06303238/status/1432802798668816389	False		0			6.217,-75.567,100km					[{'screen_name': 'lomodeatun', 'name': 'Lorenzo Mota', 'id': '3378071399'}, {'screen_name': 'FicoGutierrez', 'name': 'Federico Guti√©rrez', 'id': '43395943'}]				
1432781300373524482	1432702529276682245	2021-08-31 14:04:16 Hora est. Pac√≠fico, Sudam√©rica	2021-08-31	14:04:16	-0500	1333598984066232322	olgamariaruiza2	olga maria		@maio04 @VickyDavilaH @augustuto Perd√≥n te respond√≠ mal. Petro es candidato presidencial, por eso estoy yo aqu√≠ luchando porque a mi Colombia no la vuelvan socialista, como Cuba, Venezuela, Argentina y ahora Peru.  Mi criterio de Federico est√° apegado  a la verdad. Pero en todo caso, mi voto es CONTRA PETRO.	es	[]	[]	[]	1	0	2	[]	[]	https://twitter.com/olgamariaruiza2/status/1432781300373524482	False		0			6.217,-75.567,100km					[{'screen_name': 'maio04', 'name': 'Miguel', 'id': '192042800'}, {'screen_name': 'VickyDavilaH', 'name': 'Vicky D√°vila', 'id': '242730842'}, {'screen_name': 'augustuto', 'name': 'augusto', 'id': '142066643'}]				
1432774605907931136	1431708673739567106	2021-08-31 13:37:40 Hora est. Pac√≠fico, Sudam√©rica	2021-08-31	13:37:40	-0500	918505976843722753	cmiaman1902	CrMa Iaman		@lervman @medias_nuevess @andresgarcia_13 @MeDicenWally Mi amigo muy seguramente est√°s en lo cierto, ten presente que llevamos a√±os escogiendo al menor mal, pero algo si le digo, Petro no es la soluci√≥n. No porque se imponga una clase narco, ni por esa ridiculez del castrochavismo, es sencillamente porque no es buen administrador	es	[]	[]	[]	0	0	0	[]	[]	https://twitter.com/CmIaman1902/status/1432774605907931136	False		0			6.217,-75.567,100km					[{'screen_name': 'lervman', 'name': '‚ú¥ lerman ‚ô£', 'id': '204453407'}, {'screen_name': 'medias_nuevess', 'name': 'Polo a tierra', 'id': '1178355334479597568'}, {'screen_name': 'andresgarcia_13', 'name': 'JGARC√çA¬Æ', 'id': '182147416'}, {'screen_name': 'MeDicenWally', 'name': 'Wally.', 'id': '62694426'}]				
1434983436842905606	1434977267994796034	2021-09-06 15:54:46 Hora est. Pac√≠fico, Sudam√©rica	2021-09-06	15:54:46	-0500	876838500536070147	thegaragedragon	Daniel Montoya		"@Margaritarosadf @AnaBejaranoRG @losdanieles Se√±ora, para usted no es cambio si no tiene apellido Petro.  ""Cambio"" por s√≠ solo no significa nada. Se puede tambi√©n cambiar para mal."	es	[]	[]	[]	0	0	1	[]	[]	https://twitter.com/TheGarageDragon/status/1434983436842905606	False		0			6.217,-75.567,100km					[{'screen_name': 'Margaritarosadf', 'name': 'Margarita Rosa', 'id': '41396492'}, {'screen_name': 'AnaBejaranoRG', 'name': 'Ana BejaranoRicaurte', 'id': '149702418'}, {'screen_name': 'losdanieles', 'name': 'Los Danieles', 'id': '1248769183598419968'}]				
1434933088505712641	1434933088505712641	2021-09-06 12:34:42 Hora est. Pac√≠fico, Sudam√©rica	2021-09-06	12:34:42	-0500	94231992	tomyko79	Tom√°s Fern√°ndez Cadavid		El problema es cuando llega petro y dice que todo lo que est√° mal en Colombia es por culpa de las empresas.  Entonces como es?	es	[]	[]	[]	0	1	3	[]	[]	https://twitter.com/tomyko79/status/1434933088505712641	False	https://twitter.com/Juanaafanador1/status/1434864935310405634	0			6.217,-75.567,100km					[]				
1434879144970657792	1434500366079610885	2021-09-06 09:00:21 Hora est. Pac√≠fico, Sudam√©rica	2021-09-06	09:00:21	-0500	1353052422290223105	merce42692255	merce		@RevistaSemana @MAndreaNieto Pero le sali√≥ todo mal, ella avergonzoa Pe√±alosa y Uribe y a muchos, Dios la midi√≥ como ella mud√©, en verg√ºenza y derrotada, pero los Bogotanos han elegido muy mal lucho , Petro y ahora Claudia han dejado a un Bogot√° mal en todo, es que el polo , la Colombia huma y alian verde	es	[]	[]	[]	0	0	0	[]	[]	https://twitter.com/merce42692255/status/1434879144970657792	False		0			6.217,-75.567,100km					[{'screen_name': 'RevistaSemana', 'name': 'Revista Semana', 'id': '18079284'}, {'screen_name': 'MAndreaNieto', 'name': 'ANDREA NIETO', 'id': '999594384'}]				
1434830065263591432	1434830065263591432	2021-09-06 05:45:20 Hora est. Pac√≠fico, Sudam√©rica	2021-09-06	05:45:20	-0500	1099992698	divertenor	diver higuita		Ese cuento(mal echao) sobre Petro: ‚Äúque √©ste a√∫n no es su momento‚Äù( y as√≠ tuvimos a Uribe, Santos y Duque), nos llevar√° a elegir candidatos light y neoliberales, es decir, el  que prometa ‚Äúel cambio para que todo siga igual‚Äù.	es	[]	[]	[]	0	0	0	[]	[]	https://twitter.com/divertenor/status/1434830065263591432	False		0			6.217,-75.567,100km					[]				
1434685957048000514	1434307022367993856	2021-09-05 20:12:41 Hora est. Pac√≠fico, Sudam√©rica	2021-09-05	20:12:41	-0500	1034192325071790081	rodrigo93632530	Rodrigo Cortes		@yacksamue223 Petro Es un mal parido con cargaderas hamp√≥n.	es	[]	[]	[]	0	0	1	[]	[]	https://twitter.com/Rodrigo93632530/status/1434685957048000514	False		0			6.217,-75.567,100km					[{'screen_name': 'yacksamue223', 'name': 'yacksamue223', 'id': '1181750626277044224'}]				
1434677593542901760	1434677593542901760	2021-09-05 19:39:27 Hora est. Pac√≠fico, Sudam√©rica	2021-09-05	19:39:27	-0500	172827443	hiavzc	Ana Isabel Correa		@agaviriau cordial saludo dr Gaviria,con todo respeto quiero hacer menci√≥n  sobre los fanaticos. El significado de esta palabra alude al mal para conservar el poder,ej Stalin,Hitler,Castro,el venezolano que se me olvida y la copia terrible que dej√≥. Si estaba pensando en Petro	es	[]	[]	[]	0	0	0	[]	[]	https://twitter.com/hiavzc/status/1434677593542901760	False		0			6.217,-75.567,100km					[]				
1434601611184283651	1434549316111245314	2021-09-05 14:37:32 Hora est. Pac√≠fico, Sudam√©rica	2021-09-05	14:37:32	-0500	729227876	linamonsalve18	Lina Monsalve		@MarcelesMontxo @petrogustavo @AgustinLaje @Santi_ABASCAL Usted es nivel hasta un mosquito que pase en frente de un mugroso socialista es facistaüòÇ. Menos mal que Petro ha tenido muy buenas compa√±√≠as en el ELN, en sus amigos de las FARC, en el que llev√≥ a la ruina a Venezuela y hasta en personajes como BOBOlivar.	es	[]	[]	[]	1	0	4	[]	[]	https://twitter.com/LinaMonsalve18/status/1434601611184283651	False		0			6.217,-75.567,100km					[{'screen_name': 'MarcelesMontxo', 'name': 'Montxo Marceles', 'id': '1194619053190631425'}, {'screen_name': 'petrogustavo', 'name': 'Gustavo Petro', 'id': '49849732'}, {'screen_name': 'AgustinLaje', 'name': 'Agust√≠n Laje', 'id': '175273213'}, {'screen_name': 'Santi_ABASCAL', 'name': 'Santiago Abascal üá™üá∏', 'id': '260788584'}]				
1434589093304934403	1434589093304934403	2021-09-05 13:47:47 Hora est. Pac√≠fico, Sudam√©rica	2021-09-05	13:47:47	-0500	483200237	jdua67	Juan David Urrea A		Julito no la deja q hable mal de sus camaradas de las Farc. Esta ü§° le pagan para hablar mal del Uribismo, por q no le he o√≠do un mal comentario contra las Farc, Petro, Bolivar, Rata Roy etc ü§îüëéüèº	es	[]	[]	[]	0	1	0	[]	[]	https://twitter.com/jdua67/status/1434589093304934403	False	https://twitter.com/jbagbam/status/1434298670791512064	0			6.217,-75.567,100km					[]				
1434205070019661827	1434202654616522762	2021-09-04 12:21:49 Hora est. Pac√≠fico, Sudam√©rica	2021-09-04	12:21:49	-0500	342110812	aamgallo	Alvaro		@FisicoImpuro La realidad es que Petro puede ganar, pero sin Congreso no hay nada; ya se vio como literalmente volvieron mierda a Bogot√° con lo de las basuras con tal de hacerlo quedar mal y, as√≠ volver√° a pasar durante 4 a√±os con tal de que √©l se enfoque en otras cosas para no dejar gobernar.	es	[]	[]	[]	0	0	1	[]	[]	https://twitter.com/aamgallo/status/1434205070019661827	False		0			6.217,-75.567,100km					[{'screen_name': 'FisicoImpuro', 'name': 'F√≠sico Impuro', 'id': '252402164'}]				
1434182232332292099	1434182232332292099	2021-09-04 10:51:04 Hora est. Pac√≠fico, Sudam√©rica	2021-09-04	10:51:04	-0500	192287652	donsilviecin	Silvio Bola√±o		Pienso en la √©tica y la raz√≥n de quienes por defender a Quintero deben aplaudir su visaje, mal gobierno y superficialidad. Reverencian su populismo, creen que es el de Petro. No quieren ver el chantaje: lo votaron por antiuribista, eso les basta para defender lo absurdo.	es	[]	[]	[]	2	12	21	[]	[]	https://twitter.com/donsilviecin/status/1434182232332292099	False		0			6.217,-75.567,100km					[]				
1434003658719571973	1434003658719571973	2021-09-03 23:01:29 Hora est. Pac√≠fico, Sudam√©rica	2021-09-03	23:01:29	-0500	1323832152002334725	nikosandoval9	Nicol√°s Sandoval		No sab√≠a que hab√≠a mujeres con tal mal gusto, dizque les gusta Petro.. ¬°H√°game el hp favor!ü§¢ü§Æ	es	[]	[]	[]	0	0	1	[]	[]	https://twitter.com/NikoSandoval9/status/1434003658719571973	False		0			6.217,-75.567,100km					[]				
1433833772911312896	1433833772911312896	2021-09-03 11:46:25 Hora est. Pac√≠fico, Sudam√©rica	2021-09-03	11:46:25	-0500	2997905278	jeysonhenao	Jeyson Henao		Se√±ores @BluRadioCo estamos en campa√±a para desmentir y con argumentos hacer ver por que las propuestas de Petro son mal para el pa√≠s  @juanrallo es clave para esto.  Como pueden desperdiciar el espacio y oportunidad con preguntas tan vac√≠as como las que hicieron las periodistas.	es	[{'screen_name': 'bluradioco', 'name': 'bluradio colombia', 'id': '622082899'}, {'screen_name': 'juanrallo', 'name': 'juan ram√≥n rallo', 'id': '112796335'}]	[]	[]	0	0	0	[]	[]	https://twitter.com/JeysonHenao/status/1433833772911312896	False		0			6.217,-75.567,100km					[]				
1433821858546204673	1433398334698528773	2021-09-03 10:59:04 Hora est. Pac√≠fico, Sudam√©rica	2021-09-03	10:59:04	-0500	149917962	calicheceviche9	Carlos Osorio		@Margaritarosadf Hay gente que quiere un cambio pero pa mal y va a votar por Petro	es	[]	[]	[]	0	0	0	[]	[]	https://twitter.com/calicheceviche9/status/1433821858546204673	False		0			6.217,-75.567,100km					[{'screen_name': 'Margaritarosadf', 'name': 'Margarita Rosa', 'id': '41396492'}]				
1433785777570340867	1433481887339761664	2021-09-03 08:35:42 Hora est. Pac√≠fico, Sudam√©rica	2021-09-03	08:35:42	-0500	1075111574	jjtoroc	Juli√°n Toro		@OrquidCattleya De verdad eso es lo que est√° mal? Solo porque no les gusta como habla? El hambre, la miseria, la violencia no valen nada, solo el ego de Petro	es	[]	[]	[]	2	0	0	[]	[]	https://twitter.com/jjtoroc/status/1433785777570340867	False		0			6.217,-75.567,100km					[{'screen_name': 'OrquidCattleya', 'name': 'Orchid', 'id': '1967945462'}]				
1433622831460462602	1433622831460462602	2021-09-02 21:48:13 Hora est. Pac√≠fico, Sudam√©rica	2021-09-02	21:48:13	-0500	301013190	miguelvallejo2	VALLMAN		@QuinteroCalle mire su entrevista en la w y no estuvo mal. Quiero recordarle que usted puede ser de izquierda socialista si se quiere, pero nunca se le olvide que petro tiene formaci√≥n comunista totalitaria con graduaci√≥n en el monte todos sus juguetes se perder√°n, si el gana	es	[]	[]	[]	0	0	0	[]	[]	https://twitter.com/Miguelvallejo2/status/1433622831460462602	False		0			6.217,-75.567,100km					[]				
1433563730772647939	1433468298730086412	2021-09-02 17:53:22 Hora est. Pac√≠fico, Sudam√©rica	2021-09-02	17:53:22	-0500	1978989511	edgarra12965795	Paisadeldim		@primaverasimple Creo que el t√©rmino todos est√° mal utilizado. Pudo haber utilizado la gran mayor√≠a. Porque afortunadamente no escucho ni escuchar√©  https://t.co/MSWSYS81j7 es de mi agrado al igual que el se√±or Gustavo Petro. Por lo tanto no son todos	es	[]	['http://Arjona.no']	[]	0	0	0	[]	[]	https://twitter.com/EdgarRa12965795/status/1433563730772647939	False		0			6.217,-75.567,100km					[{'screen_name': 'primaverasimple', 'name': 'Gin de abril', 'id': '579953883'}]				
1433458144869498887	1433409250429128705	2021-09-02 10:53:48 Hora est. Pac√≠fico, Sudam√©rica	2021-09-02	10:53:48	-0500	722131977592258564	santimdev	Santiago Morales		@GustavoBolivar @ManosLimpiasCo y los que hablan mal de petro como propuesta para ganar la presidencia	es	[]	[]	[]	0	0	0	[]	[]	https://twitter.com/santimdev/status/1433458144869498887	False		0			6.217,-75.567,100km					[{'screen_name': 'GustavoBolivar', 'name': 'Gustavo Bol√≠var', 'id': '50981729'}, {'screen_name': 'ManosLimpiasCo', 'name': 'Indignados Colombia üá®üá¥', 'id': '326918491'}]				
1433439247076372493	1433428354347114497	2021-09-02 09:38:43 Hora est. Pac√≠fico, Sudam√©rica	2021-09-02	09:38:43	-0500	90878874	wiltonortiz	Will O. Henao		@Betocoralg Porque? Petro es un tipo resentido y eso es malo. Es un mal l√≠der.	es	[]	[]	[]	0	0	0	[]	[]	https://twitter.com/wiltonortiz/status/1433439247076372493	False		0			6.217,-75.567,100km					[{'screen_name': 'Betocoralg', 'name': 'Beto Coral', 'id': '206402786'}]				
1433436718250790916	1433248594929373184	2021-09-02 09:28:40 Hora est. Pac√≠fico, Sudam√©rica	2021-09-02	09:28:40	-0500	868551974349942785	una_arboleda	Sara Arboleda		@MarmotaClub Jajajaja te vio hablando mal de petro	es	[]	[]	[]	1	0	1	[]	[]	https://twitter.com/una_arboleda/status/1433436718250790916	False		0			6.217,-75.567,100km					[{'screen_name': 'MarmotaClub', 'name': 'ùï∑ùñÜ ùï∏ùñÜùñóùñíùñîùñôùñÜ ùñâùñä ùï≠ùñîùñíùñÜùñóùñüùñîüêª‚ôìÔ∏èüßô\u200d‚ôÇÔ∏èüë∫', 'id': '926522476951195648'}]				
1433212585835380736	1433212585835380736	2021-09-01 18:38:02 Hora est. Pac√≠fico, Sudam√©rica	2021-09-01	18:38:02	-0500	175448120	fdovisual	fco		Menos mal que representa todo lo contrario a Petro y no vino a generar odios se√±or exalcalde de Medell√≠n Hidrot√∫angologo, Se√±alando al mejor alcalde del Pa√≠s instrumentalizando los silleteros dele Pena	es	[]	[]	[]	0	1	0	[]	[]	https://twitter.com/fdovisual/status/1433212585835380736	False	https://twitter.com/FicoGutierrez/status/1429784443858866177	0			6.217,-75.567,100km					[]				
1433199654624235521	1433085884002455555	2021-09-01 17:46:39 Hora est. Pac√≠fico, Sudam√©rica	2021-09-01	17:46:39	-0500	943152908861956097	alexvil06303238	Alex villa		@YessidAlvarez El mismo que tiene como bandera de su campa√±a hablar mal de petro cada que puede para ganar adeptos ? A ese se√±or el cerebro no le da para m√°s .por eso debemos hacer pedagog√≠a con amigos ,familiares y conocidos para que no le coman cuento a ese tramador .	es	[]	[]	[]	0	0	0	[]	[]	https://twitter.com/Alexvil06303238/status/1433199654624235521	False		0			6.217,-75.567,100km					[{'screen_name': 'YessidAlvarez', 'name': 'Yesid Alvarez Maya', 'id': '206521070'}]				
1433184489694453762	1433147111403663368	2021-09-01 16:46:24 Hora est. Pac√≠fico, Sudam√©rica	2021-09-01	16:46:24	-0500	814187958316236801	javierv87725239	Pacho		@BluRadioCo Esa vieja Loca es mal√≠sima todo lo malo que pasa es culpa de los otros y nada es de ella y mire como esta Bogota mas mal que con Petro y eso si es la mata	es	[]	[]	[]	0	0	0	[]	[]	https://twitter.com/JavierV87725239/status/1433184489694453762	False		0			6.217,-75.567,100km					[{'screen_name': 'BluRadioCo', 'name': 'BluRadio Colombia', 'id': '622082899'}]				
1433178612937658375	1433132188971720712	2021-09-01 16:23:03 Hora est. Pac√≠fico, Sudam√©rica	2021-09-01	16:23:03	-0500	759916282930094080	davidbautistaqf	David Bautista		@alemarchetti91 Uy pagan por hablar mal de Petro? Me har√© un Patreon jajaajja	es	[]	[]	[]	0	0	3	[]	[]	https://twitter.com/davidbautistaqf/status/1433178612937658375	False		0			6.217,-75.567,100km					[{'screen_name': 'alemarchetti91', 'name': 'Alessandro Marchettiüè≥Ô∏è\u200düåàüè≥Ô∏è\u200düåà', 'id': '740774468646277121'}]				
1433165502952640516	1432938897479278595	2021-09-01 15:30:57 Hora est. Pac√≠fico, Sudam√©rica	2021-09-01	15:30:57	-0500	64624407	juandaesco	Juan David Escobar S		@andresgarcia123 @agaviriau Andr√©s, ley√≥ el art√≠culo?  ‚ÄúC√≥mo har√° Petro para decir que el hombre al que √©l mismo quiso tener como alcalde de Bogot√° y como aliado del Pacto Hist√≥rico ahora es un mal candidato? ¬øLes dir√° a sus seguidores que busc√≥ impulsar a la Alcald√≠a a un neoliberal uribista?‚Äù	es	[]	[]	[]	0	0	0	[]	[]	https://twitter.com/juandaesco/status/1433165502952640516	False		0			6.217,-75.567,100km					[{'screen_name': 'andresgarcia123', 'name': 'Andr√©s Garc√≠a', 'id': '65897909'}, {'screen_name': 'agaviriau', 'name': 'Alejandro Gaviria', 'id': '175806207'}]				
1433136076852449280	1433121000451940352	2021-09-01 13:34:01 Hora est. Pac√≠fico, Sudam√©rica	2021-09-01	13:34:01	-0500	943152908861956097	alexvil06303238	Alex villa		@KevinChaverraB @FicoGutierrez Ir a hablar mal de petro como hace en todas partes y cada que puede ,es lo √∫nico que sabe hacer este payaso corrupto	es	[]	[]	[]	1	0	5	[]	[]	https://twitter.com/Alexvil06303238/status/1433136076852449280	False		0			6.217,-75.567,100km					[{'screen_name': 'KevinChaverraB', 'name': 'Kevin Chaverra Bechara', 'id': '239995286'}, {'screen_name': 'FicoGutierrez', 'name': 'Federico Guti√©rrez', 'id': '43395943'}]				
1433131661437321224	1433131661437321224	2021-09-01 13:16:29 Hora est. Pac√≠fico, Sudam√©rica	2021-09-01	13:16:29	-0500	63905597	unamalpanida	Magnolia R.		"Me dice un compa√±ero del trabajo, que si queda ""el amigo"" (Petro) de presidente, el d√≥lar llega a 5mil.   Tendr√© que evitar almuerzos laborales hasta el 2023."	es	[]	[]	[]	1	0	1	[]	[]	https://twitter.com/UnaMalPanida/status/1433131661437321224	False		0			6.217,-75.567,100km					[]				
1433125051281383439	1433125051281383439	2021-09-01 12:50:13 Hora est. Pac√≠fico, Sudam√©rica	2021-09-01	12:50:13	-0500	371233512	charlydoval	Rinhorizonte		Que @DiegoASantos hable mal de Petro, habla muy bien de Petro.	es	[{'screen_name': 'diegoasantos', 'name': 'diego a. santos', 'id': '26946244'}]	[]	[]	0	0	1	[]	[]	https://twitter.com/CharlyDoval/status/1433125051281383439	False		0			6.217,-75.567,100km					[]				
1433090216873635841	1433069857344532482	2021-09-01 10:31:47 Hora est. Pac√≠fico, Sudam√©rica	2021-09-01	10:31:47	-0500	943152908861956097	alexvil06303238	Alex villa		@FicoGutierrez Usted lo que es es un payaso oportunista que lo √∫nico que sabe hacer es hablar mal de petro porque el cerebro no le da para m√°s ,en Medell√≠n lo √∫nico que hizo fue gastarse millonadas en a√∫to publicidad y hasta hacer alianzas con la oficina de envigado casi nadie te come cuento  https://t.co/7dzQUDS9te	es	[]	[]	['https://pbs.twimg.com/media/E-Nb9QDX0AAsiBb.jpg']	0	0	0	[]	[]	https://twitter.com/Alexvil06303238/status/1433090216873635841	False		1	https://pbs.twimg.com/media/E-Nb9QDX0AAsiBb.jpg		6.217,-75.567,100km					[{'screen_name': 'FicoGutierrez', 'name': 'Federico Guti√©rrez', 'id': '43395943'}]				
1433070915668037638	1433070915668037638	2021-09-01 09:15:06 Hora est. Pac√≠fico, Sudam√©rica	2021-09-01	09:15:06	-0500	2578649409	angelayyesid	Angela&YesidOficial		Un Yupi,asesino e 302 ni√±os,que usa Ferragamo,hace turismo por las Europas, y desde all√≠ con su iPhone manda da√±ar todo lo que se le atraviese;y hablando mal de la clase media alta,de que se ufana obteniendo bienes fraudulentamente? Gustavo Petro se enterr√≥ su propio üó°Ô∏è con esto!	es	[]	[]	[]	0	0	0	[]	[]	https://twitter.com/AngelayYesid/status/1433070915668037638	False	https://twitter.com/VickyDavilaH/status/1433061568678408195	0			6.217,-75.567,100km					[]				
1433055256422793226	1433055256422793226	2021-09-01 08:12:52 Hora est. Pac√≠fico, Sudam√©rica	2021-09-01	08:12:52	-0500	141056921	jorgemejiarojas	Jorge Mej√≠a Rojas		‚Äú¬øC√≥mo har√° Petro para decir que el hombre al que √©l mismo quiso tener como alcalde de Bogot√° y como aliado del Pacto Hist√≥rico ahora es un mal candidato? ¬øLes dir√° a sus seguidores que busc√≥ impulsar a la Alcald√≠a a un neoliberal uribista?‚Äù   https://t.co/MNfwcqIZXP	es	[]	['https://www.elespectador.com/opinion/columnistas/federico-gomez-lara/gaviria-es-imbatible/']	[]	0	0	0	[]	[]	https://twitter.com/JorgeMejiaRojas/status/1433055256422793226	False		0			6.217,-75.567,100km					[]				
1432877673337040897	1432876565411545088	2021-08-31 20:27:13 Hora est. Pac√≠fico, Sudam√©rica	2021-08-31	20:27:13	-0500	2883509410	ffrey42	Federico		@JuanJGarcia99 Hombre, uno le puede decir muchas cosas a Petro pero no que no estuvo involucrado en la historia de Colombia. Y as√≠ no fuera economista e involucrado en pol√≠tica (para mal) desde el 70, sabr√≠a m√°s que un espa√±ol que seguro vino a estudiar a Colombia pal video	es	[]	[]	[]	2	0	0	[]	[]	https://twitter.com/ffrey42/status/1432877673337040897	False		0			6.217,-75.567,100km					[{'screen_name': 'JuanJGarcia99', 'name': 'ùêâùêÆùêÄùêßùêúùêöùê©', 'id': '636798615'}]				
1432873704749473800	1432748811714236417	2021-08-31 20:11:27 Hora est. Pac√≠fico, Sudam√©rica	2021-08-31	20:11:27	-0500	1274880123007795202	ruth73689865	RUTH		@leijhorena @GustavoBolivar Johana Rend√≥n est√°s mal renal al lado de bolivar que es un acaba pa√≠s igual que su amigo petro	es	[]	[]	[]	0	0	0	[]	[]	https://twitter.com/RUTH73689865/status/1432873704749473800	False		0			6.217,-75.567,100km					[{'screen_name': 'leijhorena', 'name': 'Jhoana Rend√≥n', 'id': '136114497'}, {'screen_name': 'GustavoBolivar', 'name': 'Gustavo Bol√≠var', 'id': '50981729'}]				
1432858630911627270	1432858630911627270	2021-08-31 19:11:33 Hora est. Pac√≠fico, Sudam√©rica	2021-08-31	19:11:33	-0500	543626512	quevisajelalaif	Carlos DIM En Paro y Junto al Pueblo ‚úäüèø‚ù§Ô∏èüíô		Federico Guti√©rrez haciendo campa√±a hablando mal de Gustavo Petro, diciendo que no es un mes√≠as pero que es la mejor opci√≥n, ¬°LA MEJOR OPCI√ìN FEDERICO GUTI√âRREZ! ü§£ El chiste se cuenta s√≥lo. #RCN es lo peor en noticias, le digo sinceramente pues üôÑ	es	[]	[]	[]	1	0	0	['rcn']	[]	https://twitter.com/quevisajelalaif/status/1432858630911627270	False		0			6.217,-75.567,100km					[]				
1432841193965113345	1432841193965113345	2021-08-31 18:02:16 Hora est. Pac√≠fico, Sudam√©rica	2021-08-31	18:02:16	-0500	573804374	corredorger10	Gerardo Corredor		En realidad ning√∫n pol√≠tico encarna el cambio. En Bogot√° con la Alcald√≠a de Petro qued√≥ claro que una golondrina no hace verano.   Toca conformarse con el mal menor.	es	[]	[]	[]	0	0	0	[]	[]	https://twitter.com/CorredorGer10/status/1432841193965113345	False	https://twitter.com/tobonsanin/status/1432796798368813058	0			6.217,-75.567,100km					[]				
1432802798668816389	1432737729494888450	2021-08-31 15:29:42 Hora est. Pac√≠fico, Sudam√©rica	2021-08-31	15:29:42	-0500	943152908861956097	alexvil06303238	Alex villa		@lomodeatun @FicoGutierrez Cu√°les ideas ? Ese se√±or lo √∫nico que sabe hacer es hablar m√°l de petro .el cerebro no le da para m√°s	es	[]	[]	[]	2	0	0	[]	[]	https://twitter.com/Alexvil06303238/status/1432802798668816389	False		0			6.217,-75.567,100km					[{'screen_name': 'lomodeatun', 'name': 'Lorenzo Mota', 'id': '3378071399'}, {'screen_name': 'FicoGutierrez', 'name': 'Federico Guti√©rrez', 'id': '43395943'}]				
1432781300373524482	1432702529276682245	2021-08-31 14:04:16 Hora est. Pac√≠fico, Sudam√©rica	2021-08-31	14:04:16	-0500	1333598984066232322	olgamariaruiza2	olga maria		@maio04 @VickyDavilaH @augustuto Perd√≥n te respond√≠ mal. Petro es candidato presidencial, por eso estoy yo aqu√≠ luchando porque a mi Colombia no la vuelvan socialista, como Cuba, Venezuela, Argentina y ahora Peru.  Mi criterio de Federico est√° apegado  a la verdad. Pero en todo caso, mi voto es CONTRA PETRO.	es	[]	[]	[]	1	0	2	[]	[]	https://twitter.com/olgamariaruiza2/status/1432781300373524482	False		0			6.217,-75.567,100km					[{'screen_name': 'maio04', 'name': 'Miguel', 'id': '192042800'}, {'screen_name': 'VickyDavilaH', 'name': 'Vicky D√°vila', 'id': '242730842'}, {'screen_name': 'augustuto', 'name': 'augusto', 'id': '142066643'}]				
1432774605907931136	1431708673739567106	2021-08-31 13:37:40 Hora est. Pac√≠fico, Sudam√©rica	2021-08-31	13:37:40	-0500	918505976843722753	cmiaman1902	CrMa Iaman		@lervman @medias_nuevess @andresgarcia_13 @MeDicenWally Mi amigo muy seguramente est√°s en lo cierto, ten presente que llevamos a√±os escogiendo al menor mal, pero algo si le digo, Petro no es la soluci√≥n. No porque se imponga una clase narco, ni por esa ridiculez del castrochavismo, es sencillamente porque no es buen administrador	es	[]	[]	[]	0	0	0	[]	[]	https://twitter.com/CmIaman1902/status/1432774605907931136	False		0			6.217,-75.567,100km					[{'screen_name': 'lervman', 'name': '‚ú¥ lerman ‚ô£', 'id': '204453407'}, {'screen_name': 'medias_nuevess', 'name': 'Polo a tierra', 'id': '1178355334479597568'}, {'screen_name': 'andresgarcia_13', 'name': 'JGARC√çA¬Æ', 'id': '182147416'}, {'screen_name': 'MeDicenWally', 'name': 'Wally.', 'id': '62694426'}]				
1434923048013008899	1434923048013008899	2021-09-06 11:54:48 Hora est. Pac√≠fico, Sudam√©rica	2021-09-06	11:54:48	-0500	1232992266379235329	germanv_cdemocr	Germ√°n Valencia Castro ‚Äã		No hab√≠a visto tan indignado a @petrogustavo, porque un colombiano promedio se entreviste con @AlvaroUribeVel. Este tipo es muy pero muy oscuro, la envidia y el odio su gran menester.	es	[{'screen_name': 'petrogustavo', 'name': 'gustavo petro', 'id': '49849732'}, {'screen_name': 'alvarouribevel', 'name': '√°lvaro uribe v√©lez', 'id': '61097151'}]	[]	[]	14	236	461	[]	[]	https://twitter.com/GermanV_CDemocr/status/1434923048013008899	False		0			6.217,-75.567,100km					[]				
1434592607397629959	1434592607397629959	2021-09-05 14:01:45 Hora est. Pac√≠fico, Sudam√©rica	2021-09-05	14:01:45	-0500	2578649409	angelayyesid	Angela&YesidOficial		Vean con nosotros otro escabroso episodio del genocida infantil Gustavo Petro, alias Aureliano! De ah√≠, nace su marcado odio al pa√≠s! Otra v√≠ctima sin reparar, al igual que a familiares de 302 criaturas asesinadas con su pistola y su barbarie; Mercado y Lara. #PetroNoJodaMas	es	[]	[]	[]	0	0	0	['petronojodamas']	[]	https://twitter.com/AngelayYesid/status/1434592607397629959	False	https://twitter.com/MarcoAn96584233/status/1434477216092545027	0			6.217,-75.567,100km					[]				
1434501240000598016	1433369923162619906	2021-09-05 07:58:42 Hora est. Pac√≠fico, Sudam√©rica	2021-09-05	07:58:42	-0500	1353052422290223105	merce42692255	merce		@lcvelez Petro ya fue derrotado por Dios y todos los que lo siguen ser√°n avergonzados , por qu√© el odio y el resentimiento no son agradables a Dios, y eso son Petro y sus seguidores, trabajando honestamente y deseando que Dios est√© en el coraz√≥n de aquellos que persiguen la venganza .	es	[]	[]	[]	0	0	0	[]	[]	https://twitter.com/merce42692255/status/1434501240000598016	False		0			6.217,-75.567,100km					[{'screen_name': 'lcvelez', 'name': 'Luis Carlos V√©lez üåé', 'id': '27570569'}]				
1434074205499310081	1432379751155515396	2021-09-04 03:41:49 Hora est. Pac√≠fico, Sudam√©rica	2021-09-04	03:41:49	-0500	131852038	sopatro	rodrigo restrepo		@MargaritaRepo Di√°logos con ese mu√±eco,no funcionan y con su amo, menos.A √©l lo puso  Petro para desfogar su odio, producto  de la envidia y del rechazo de la raza antioque√±a hacia √©l;raza que,en forma despectiva,llama traqueta.	es	[]	[]	[]	0	4	5	[]	[]	https://twitter.com/sopatro/status/1434074205499310081	False		0			6.217,-75.567,100km					[{'screen_name': 'MargaritaRepo', 'name': 'Margarita Restrepo üá®üá¥', 'id': '593765767'}]				
1433945261773103105	1433774576832499722	2021-09-03 19:09:26 Hora est. Pac√≠fico, Sudam√©rica	2021-09-03	19:09:26	-0500	1398262977875398665	martinbarrera26	Martinbarrera2906		@petrogustavo Definitivamente usted siempre se inclinar√° a lo ilegal a lo oscuro al caos; ese odio pol√≠tico te tiene jodido	es	[]	[]	[]	0	0	0	[]	[]	https://twitter.com/Martinbarrera26/status/1433945261773103105	False		0			6.217,-75.567,100km					[{'screen_name': 'petrogustavo', 'name': 'Gustavo Petro', 'id': '49849732'}]				
1433900283185270797	1433900283185270797	2021-09-03 16:10:42 Hora est. Pac√≠fico, Sudam√©rica	2021-09-03	16:10:42	-0500	334012831	sebasmon21	Sebas üá®üá¥üáÆüá±üóΩ‚öñÔ∏è‚ôå		Y menos Petro, Roy (expertos enüí∞) Wilson Arias que promueve el odio contra bancos y Bolivar que perdi√≥ vicepresidencia en senado, financi√≥ un grupo terrorista urbano, critic√≥ deudores y √©l debiendo a la Dian y Bruno D√≠az, cambi√≥ el discurso y dice que no le averg√ºenza ser deudor	es	[]	[]	[]	0	1	0	[]	[]	https://twitter.com/sebasmon21/status/1433900283185270797	False	https://twitter.com/DanielSamperO/status/1433875047924523009	0			6.217,-75.567,100km					[]				
1433847709862072322	1433847709862072322	2021-09-03 12:41:48 Hora est. Pac√≠fico, Sudam√©rica	2021-09-03	12:41:48	-0500	752223311380250626	lauralmontiel94	Laura Montiel		#Quisieraprobar un pa√≠s sin Petro ni Uribes. Sin tanto odio entre izquierda y derecha. #quisieraprobar Un pa√≠s en el que sus gobernantes les duela en el coraz√≥n robarle el dinero a su pueblo. @WRadioColombia	es	[{'screen_name': 'wradiocolombia', 'name': 'w radio colombia', 'id': '20560294'}]	[]	[]	0	0	3	['quisieraprobar', 'quisieraprobar']	[]	https://twitter.com/lauralmontiel94/status/1433847709862072322	False		0			6.217,-75.567,100km					[]				
1433536023728988166	1433061568678408195	2021-09-02 16:03:16 Hora est. Pac√≠fico, Sudam√©rica	2021-09-02	16:03:16	-0500	917391164403339264	santiagoantici	SANTIAGO ORTIZ		@glacardn @pgredondo @VickyDavilaH De acuerdo, las palabras tienen poder y hay que leer Entrel√≠neas a personas que siempre irradian odio y no proponen......@petrogustavo un ejemplo m√°s que evidente de lo que digo....	es	[{'screen_name': 'petrogustavo', 'name': 'gustavo petro', 'id': '49849732'}]	[]	[]	0	1	2	[]	[]	https://twitter.com/santiagoantici/status/1433536023728988166	False		0			6.217,-75.567,100km					[{'screen_name': 'glacardn', 'name': 'üá®üá¥GLACARüá®üá¥', 'id': '608455293'}, {'screen_name': 'pgredondo', 'name': 'üñäüóÇMr Billy McBride', 'id': '130687718'}, {'screen_name': 'VickyDavilaH', 'name': 'Vicky D√°vila', 'id': '242730842'}]				
1433449940164952069	1433444684291006472	2021-09-02 10:21:12 Hora est. Pac√≠fico, Sudam√©rica	2021-09-02	10:21:12	-0500	1402649309548527623	patriotaandres1	PatriotAndres		@GustavoBolivar La inseguridad est√° en aumento por el odio y veneno que escupe Petro y la lucha de clases, un d√≠a despu√©s de se√±alar a las personas que van a la 93, roban y amedrentan una cafeter√≠a. Petro es m√°s malo que el mismisimo demonio, por esa raz√≥n JAMAS SERA PRESIDENTE.	es	[]	[]	[]	1	0	0	[]	[]	https://twitter.com/Patriotaandres1/status/1433449940164952069	False		0			6.217,-75.567,100km					[{'screen_name': 'GustavoBolivar', 'name': 'Gustavo Bol√≠var', 'id': '50981729'}]				
1433406417382281220	1433398334698528773	2021-09-02 07:28:15 Hora est. Pac√≠fico, Sudam√©rica	2021-09-02	07:28:15	-0500	1159002715	rcjgz	RCJ		@Margaritarosadf @JorgeIvanOspina Usted tambi√©n es odio, y de donde sali√≥ tan intelectual menospreciando a todo el que no cree en Petro, si usted es una buena vida y rumbiar. Me imagina que seguir√° en Miami haya o no cambio.	es	[]	[]	[]	0	0	0	[]	[]	https://twitter.com/RcJgz/status/1433406417382281220	False		0			6.217,-75.567,100km					[{'screen_name': 'Margaritarosadf', 'name': 'Margarita Rosa', 'id': '41396492'}, {'screen_name': 'JorgeIvanOspina', 'name': 'Jorge Ivan Ospina', 'id': '142820741'}]				
1433291843605762051	1433291843605762051	2021-09-01 23:52:59 Hora est. Pac√≠fico, Sudam√©rica	2021-09-01	23:52:59	-0500	142493289	jhonnny_rb	No m√°s Uribe ‚ú≥Ô∏è		Petro: Una madre con sus hijos que mueren por el calor del desierto tratando de llegar a EEUU porque en Colombia no ten√≠an oportunidad.  Unos d√≠as despu√©s‚Ä¶  Fuertes inundaciones en varias ciudades de EEUU‚Ä¶  Maldito Petro, sembrando odio, Basta Ya!  La l√≥gica de este imb√©cil:	es	[]	[]	[]	0	0	2	[]	[]	https://twitter.com/jhonnny_rb/status/1433291843605762051	False	https://twitter.com/DiegoASantos/status/1433102886540619783	0			6.217,-75.567,100km					[]				
1433285906425950209	1433218015470948366	2021-09-01 23:29:23 Hora est. Pac√≠fico, Sudam√©rica	2021-09-01	23:29:23	-0500	1052385234715463680	ilsonjavier	ILson Javier		@LilianaPino13 @jarizabaletaf @GloriaB70584137 @criticolombia @ambar_ponte @elcuchoanticmun @subirath @AmLuiissa @NadiFadia @perejilcilantro @yolallamo3 @Coty448 Ya #Twitter lo va a eliminar por estar trinando odio a ese Gustavo Petro y otros progres !!  https://t.co/fNPm3C3vUs	es	[]	[]	['https://pbs.twimg.com/media/E-QN7p-XoAIZkpN.jpg']	1	0	1	['twitter']	[]	https://twitter.com/IlsonJavier/status/1433285906425950209	False		1	https://pbs.twimg.com/media/E-QN7p-XoAIZkpN.jpg		6.217,-75.567,100km					[{'screen_name': 'LilianaPino13', 'name': 'Lili Pink', 'id': '1264756298777755648'}, {'screen_name': 'jarizabaletaf', 'name': 'Jaime Arizabaleta üá®üá¥', 'id': '965331540'}, {'screen_name': 'GloriaB70584137', 'name': 'Gloria Buitrago', 'id': '1032104565360021504'}, {'screen_name': 'criticolombia', 'name': 'Abuelo Emberracado', 'id': '2812597937'}, {'screen_name': 'ambar_ponte', 'name': 'Ambar Ponte', 'id': '1318331066462179328'}, {'screen_name': 'elcuchoanticmun', 'name': '@elcucho', 'id': '1308169906865799168'}, {'screen_name': 'subirath', 'name': 'Andr√©süåê', 'id': '1401539880463831042'}, {'screen_name': 'AmLuiissa', 'name': 'Luissa.MariaAM‚òòÔ∏è', 'id': '1110937045080383493'}, {'screen_name': 'NadiFadia', 'name': 'ùôâùòºùòøùôÑùôàùôÄ ùôÅùòºùòøùôÑùòº', 'id': '846235854834151424'}, {'screen_name': 'perejilcilantro', 'name': 'Perejil y Cilantro', 'id': '141323832'}, {'screen_name': 'yolallamo3', 'name': 'Amor de Lujo Juana Pe√±a', 'id': '1230640182522675208'}, {'screen_name': 'Coty448', 'name': 'Mary Hestrada üé∂', 'id': '3318166450'}]				
1433197312289935362	1431701442566496257	2021-09-01 17:37:21 Hora est. Pac√≠fico, Sudam√©rica	2021-09-01	17:37:21	-0500	1356292474327756802	danielp02585941	Daniel Pareja üåªüåªüåª		"@CristianKili16 @FredyCamargoB @petrogustavo Ojal√° eso fuera lo que ustedes nos dicen a nosotros. Me imagino que usted es feliz viendo al respetuoso y nada estigmatizador de Levy, ese dice cositas un poquito m√°s feas que decir ""entre el odio y la rabia"""	es	[]	[]	[]	1	0	1	[]	[]	https://twitter.com/DanielP02585941/status/1433197312289935362	False		0			6.217,-75.567,100km					[{'screen_name': 'CristianKili16', 'name': 'El Empresario', 'id': '2341115664'}, {'screen_name': 'FredyCamargoB', 'name': 'FreCamaBed', 'id': '4573838415'}, {'screen_name': 'petrogustavo', 'name': 'Gustavo Petro', 'id': '49849732'}]				
1433187241396953092	1433164566901530631	2021-09-01 16:57:20 Hora est. Pac√≠fico, Sudam√©rica	2021-09-01	16:57:20	-0500	105947181	giovannipaez	Giovanni P√°ez		@CarlosAmayaR @petrogustavo La coherencia de una persona como @petrogustavo deber√≠a hacer que se pronuncie rechazando estas acciones que fomentan odio, as√≠ como hemos sido vehementes y p√∫blicos al estar en contra de ataques que lo han afectado sin justificaci√≥n a √©l!	es	[{'screen_name': 'petrogustavo', 'name': 'gustavo petro', 'id': '49849732'}]	[]	[]	3	0	7	[]	[]	https://twitter.com/GiovanniPaez/status/1433187241396953092	False		0			6.217,-75.567,100km					[{'screen_name': 'CarlosAmayaR', 'name': 'Carlos Amaya üåª', 'id': '154021500'}, {'screen_name': 'petrogustavo', 'name': 'Gustavo Petro', 'id': '49849732'}]				
1433185067669524486	1433185067669524486	2021-09-01 16:48:42 Hora est. Pac√≠fico, Sudam√©rica	2021-09-01	16:48:42	-0500	1886599448	roberto901012	Roberto A. Garcia A.		El sembrar odio lleva a algunos a pensar que deben imponerse a las malas, esperamos mensaje de @petrogustavo #NoMasOdio #Colombia no necesita mas extremos, mas division, mas de lo mismo... #MiCandidatoEs sin duda el hijo de un campesino @CarlosAmayaR	es	[{'screen_name': 'petrogustavo', 'name': 'gustavo petro', 'id': '49849732'}, {'screen_name': 'carlosamayar', 'name': 'carlos amaya üåª', 'id': '154021500'}]	[]	[]	0	0	1	['nomasodio', 'colombia', 'micandidatoes']	[]	https://twitter.com/roberto901012/status/1433185067669524486	False	https://twitter.com/CarlosAmayaR/status/1433164566901530631	0			6.217,-75.567,100km					[]				
1433183606705467395	1433183606705467395	2021-09-01 16:42:53 Hora est. Pac√≠fico, Sudam√©rica	2021-09-01	16:42:53	-0500	51615875	7nnoticias	7N Noticias		"Precandidato a presidencia  @CarlosAmayaR denunci√≥ vandalismo en su sede pol√≠tica  ""Hoy nuestra #CasaEncuentro ha sido vandalizada. Estoy seguro que @petrogustavo no autoriza este tipo de acciones de odio, pero le pregunto, ¬øhabr√° de su parte alg√∫n mensaje para sus seguidores?""  https://t.co/RUVFU7ZGT0"	es	[{'screen_name': 'carlosamayar', 'name': 'carlos amaya üåª', 'id': '154021500'}, {'screen_name': 'petrogustavo', 'name': 'gustavo petro', 'id': '49849732'}]	[]	['https://pbs.twimg.com/media/E-Ow2uyWYAM0S_-.jpg', 'https://pbs.twimg.com/media/E-Ow3uEX0AAPs1K.jpg', 'https://pbs.twimg.com/media/E-Ow4tbXEAgI_ha.jpg']	1	0	7	['casaencuentro']	[]	https://twitter.com/7NNoticias/status/1433183606705467395	False		1	https://pbs.twimg.com/media/E-Ow2uyWYAM0S_-.jpg		6.217,-75.567,100km					[]				
1433176257353633796	1433176257353633796	2021-09-01 16:13:41 Hora est. Pac√≠fico, Sudam√©rica	2021-09-01	16:13:41	-0500	830515858501926913	nctnoticias	NCT NOTICIAS		En Bogot√° fue vandalizada la sede del candidato presidencial @CarlosAmayaR. Con un llamado a dejar de lado actos de odio, el pol√≠tico Boyacense rechaz√≥ los hechos e invit√≥ a @petrogustavo para conocer su mensaje frente a esta situaci√≥n.	es	[{'screen_name': 'carlosamayar', 'name': 'carlos amaya üåª', 'id': '154021500'}, {'screen_name': 'petrogustavo', 'name': 'gustavo petro', 'id': '49849732'}]	[]	[]	0	3	8	[]	[]	https://twitter.com/NCTNOTICIAS/status/1433176257353633796	False	https://twitter.com/CarlosAmayaR/status/1433164566901530631	0			6.217,-75.567,100km					[]				
1433175863357591556	1433175863357591556	2021-09-01 16:12:07 Hora est. Pac√≠fico, Sudam√©rica	2021-09-01	16:12:07	-0500	2578649409	angelayyesid	Angela&YesidOficial		"Cuidado! El desmedido e idiota odio de Gustavo Petro a clases medias altas produjo otro atraco masivo,hace minutos,en Usaqu√©n! Si tanto habla despectivamente de ""yupis"", por qu√© no se mira la cara de delincuente y asesino de 302 ni√±os que tiene? Otro m√°s para su largo prontuario!"	es	[]	[]	[]	0	1	0	[]	[]	https://twitter.com/AngelayYesid/status/1433175863357591556	False	https://twitter.com/GerardoS_Usaque/status/1433163608708550663	0			6.217,-75.567,100km					[]				
1433134088488165382	1433134088488165382	2021-09-01 13:26:07 Hora est. Pac√≠fico, Sudam√©rica	2021-09-01	13:26:07	-0500	53558873	bladodiaz	ùëÄùìäùìÅùí∂ùìâùëú		A tal nivel de imbecilidad han llegado que se ofenden porque una persona se llama John Hitler, pero no porque otro se llame Gustavo Petro, que haya delinquido en grupo sicarial M19, est√© impune, reciba s√≥rdida y suciamente fajos de billete en bolsas y siembre odio. ¬°Dios!  https://t.co/wYaMdoxvEh	es	[]	[]	['https://pbs.twimg.com/media/E-OD21rWEAcLtwI.png', 'https://pbs.twimg.com/media/E-OD21jXsAM-54n.png', 'https://pbs.twimg.com/media/E-OD21kXsAAoCKl.png']	8	4	8	[]	[]	https://twitter.com/bladodiaz/status/1433134088488165382	False		1	https://pbs.twimg.com/media/E-OD21rWEAcLtwI.png		6.217,-75.567,100km					[]				
1432860765715898375	1432836298017067009	2021-08-31 19:20:02 Hora est. Pac√≠fico, Sudam√©rica	2021-08-31	19:20:02	-0500	1417677251307581442	miguelangelgw	Miguel Angel Vergara üê±üå≥üöµüèΩ		@GustavoBolivar Si, l√°stima que su odio intestino hacia Petro lo confunde y lo lleva a desvariar pol√≠ticamente.	es	[]	[]	[]	0	0	3	[]	[]	https://twitter.com/miguelangelgw/status/1432860765715898375	False		0			6.217,-75.567,100km					[{'screen_name': 'GustavoBolivar', 'name': 'Gustavo Bol√≠var', 'id': '50981729'}]				
1432857300411338755	1432857300411338755	2021-08-31 19:06:16 Hora est. Pac√≠fico, Sudam√©rica	2021-08-31	19:06:16	-0500	1034192325071790081	rodrigo93632530	Rodrigo Cortes		petro quiere ver a la clase medio alta llevada del chiras el √∫nico que puede ser de la poblaci√≥n media alta es el ya que se gana m√°s de 32millones a vivido de la teta del Estado y del pueblo primero viv√≠a del secuestros y extorciones nunca a echo nada por el pa√≠s solo vomita odio	es	[]	[]	[]	0	0	0	[]	[]	https://twitter.com/Rodrigo93632530/status/1432857300411338755	False	https://twitter.com/RevistaSemana/status/1432840626677166084	0			6.217,-75.567,100km					[]				
1432812255192788996	1432744530806247432	2021-08-31 16:07:16 Hora est. Pac√≠fico, Sudam√©rica	2021-08-31	16:07:16	-0500	61624208	gstavorodriguez	Gustavo Rodriguez		@Roy71194081 @marcelamvz Amigo. Yo trabajo y todo lo que tengo es hecho a pulso. Odio la corrupci√≥n, por eso no voto ni por los de CD ni por Petro. Recuerde el da√±o que ese se√±or le hizo a Bogot√°. Casi dej√≥ la ciudad en la pobreza, contamin√≥ con buses viejos que por decreto orden√≥ que sirvieran... Etc...	es	[]	[]	[]	0	1	8	[]	[]	https://twitter.com/GstavoRodriguez/status/1432812255192788996	False		0			6.217,-75.567,100km					[{'screen_name': 'Roy71194081', 'name': 'Roy', 'id': '1231777407385899008'}, {'screen_name': 'marcelamvz', 'name': 'marce y ya üëçüëç', 'id': '933256332'}]				
1432762545698443264	1432760352580718595	2021-08-31 12:49:44 Hora est. Pac√≠fico, Sudam√©rica	2021-08-31	12:49:44	-0500	943152908861956097	alexvil06303238	Alex villa		@RevistaSemana @FicoGutierrez Jajajaja este payaso lo √∫nico que sabe hacer es hablar mal de petro  El cerebro le da para tan poco ? No tiene m√°s ideas ? Dice que no representa el odio y cada que puede le tira a petro PAYASO TE VAS A QUEMAR EN EL 2022	es	[]	[]	[]	0	0	0	[]	[]	https://twitter.com/Alexvil06303238/status/1432762545698443264	False		0			6.217,-75.567,100km					[{'screen_name': 'RevistaSemana', 'name': 'Revista Semana', 'id': '18079284'}, {'screen_name': 'FicoGutierrez', 'name': 'Federico Guti√©rrez', 'id': '43395943'}]				
1432721248451190793	1432719604326051846	2021-08-31 10:05:38 Hora est. Pac√≠fico, Sudam√©rica	2021-08-31	10:05:38	-0500	1259024807577911296	emegarc_	La puter√≠a.		@petrogustavo ‚ÄúPetro, no inste al odio de clases, razas y diferentes pensamientos‚Äù dir√≠a el antipetrista promedio que interpreta a su gusto lo literal.	es	[]	[]	[]	1	0	0	[]	[]	https://twitter.com/Emegarc_/status/1432721248451190793	False		0			6.217,-75.567,100km					[{'screen_name': 'petrogustavo', 'name': 'Gustavo Petro', 'id': '49849732'}]				
1432704313487503370	1432500405532045314	2021-08-31 08:58:21 Hora est. Pac√≠fico, Sudam√©rica	2021-08-31	08:58:21	-0500	1122987000	hernancast1890	hernan casta√±eda		@diliarlozano @Fabit29021254 @petrogustavo @marioherzam La verdad, el 80% de los q votar√≠an por el cacas, lo hace por odio a URIBE, porque, no saben, el odio es el q lo postula y la derecha q hoy gobierna en nada ayuda a desmentirlo	es	[]	[]	[]	1	1	3	[]	[]	https://twitter.com/hernancast1890/status/1432704313487503370	False		0			6.217,-75.567,100km					[{'screen_name': 'diliarlozano', 'name': 'dilia üá®üá¥', 'id': '523861396'}, {'screen_name': 'Fabit29021254', 'name': 'choco Pac√≠fico patria de honor', 'id': '1336032752743944192'}, {'screen_name': 'petrogustavo', 'name': 'Gustavo Petro', 'id': '49849732'}, {'screen_name': 'marioherzam', 'name': 'Mario Hernandez', 'id': '203932135'}]				
1432703486299451410	1432703486299451410	2021-08-31 08:55:04 Hora est. Pac√≠fico, Sudam√©rica	2021-08-31	08:55:04	-0500	91103479	ramirociencia	Ramiro Vel√°squez		Raro, ¬øno? Hoy @FicoGutierrez dice en @elcolombiano que har√° una campa√±a sin atacar a nadie. Y l√≠neas m√°s adelante se despacha contra Gustavo Petro. Tal es su odio #Colombia	es	[{'screen_name': 'ficogutierrez', 'name': 'federico guti√©rrez', 'id': '43395943'}, {'screen_name': 'elcolombiano', 'name': 'el colombiano', 'id': '64419705'}]	[]	[]	3	9	18	['colombia']	[]	https://twitter.com/ramirociencia/status/1432703486299451410	False		0			6.217,-75.567,100km					[]				
1432530069109579779	1432530069109579779	2021-08-30 21:25:58 Hora est. Pac√≠fico, Sudam√©rica	2021-08-30	21:25:58	-0500	228497738	federico_amado	Federico Amado		El √∫nico culpable de Petro presidente ser√° Ivan Duque. Lo de la ministra de las TIC y lo de Carrasquilla, llenan de indignaci√≥n y de odio a los Colombianos.	es	[]	[]	[]	0	0	2	[]	[]	https://twitter.com/federico_amado/status/1432530069109579779	False		0			6.217,-75.567,100km					[]				
1432424607299031042	1432423898264580102	2021-08-30 14:26:54 Hora est. Pac√≠fico, Sudam√©rica	2021-08-30	14:26:54	-0500	479989988	elizaoscar	eliza-oscar		@JuliaDelSocorr2 A ese fracasado del Petro la diarrea mental,el odio y la envidia le dar√°n jaque mate.	es	[]	[]	[]	0	1	2	[]	[]	https://twitter.com/ElizaOscar/status/1432424607299031042	False		0			6.217,-75.567,100km					[{'screen_name': 'JuliaDelSocorr2', 'name': 'Julia Del Socorro Mart√≠nez Cruz', 'id': '941423449905524737'}]				
1432380509120827398	1432374931426271233	2021-08-30 11:31:40 Hora est. Pac√≠fico, Sudam√©rica	2021-08-30	11:31:40	-0500	222930464	jabadt	Jose Antonio Abad		@Margaritarosadf Y a quien quiere que pongan a Bol√≠var ?  Ejemplo de pulcritud y moral ?  De verdad que el odio nos pod deja ver m√°s all√° de lo que el bandido mayor Petro dice.	es	[]	[]	[]	0	0	3	[]	[]	https://twitter.com/jabadt/status/1432380509120827398	False		0			6.217,-75.567,100km					[{'screen_name': 'Margaritarosadf', 'name': 'Margarita Rosa', 'id': '41396492'}]				
